http://redd.it/1cumpm,thinkfreemind, february of last year  i weighed 337 lbs  i was lazy  completely unfit ,
http://redd.it/1cumpm,thinkfreemind, my family  my dad once weighed 700  lbs  it cost him his ,
http://redd.it/1cumpm,thinkfreemind, walked away with a cheap   500  it's relative  hybrid bike ,
http://redd.it/1cumpm,thinkfreemind, completed my first century ride  100 miles  a few weekends ago and ,
http://redd.it/1cumpm,thinkfreemind, telling myself that because i burned 1000  calories riding my bike  that ,
http://redd.it/1cumpm,thinkfreemind,i could eat those 1000  calories too  it doesn't ,
http://redd.it/1cumpm,thinkfreemind, about 15 lbs  back up to 300 lbs again at the end of ,
http://redd.it/1cumpm,thinkfreemind, eating right again  i am now 272 lbs and the weight is flying ,
http://redd.it/1cujzb,SmooochieWallace, when i first started i was 309  and i went down to ,
http://redd.it/1cujzb,SmooochieWallace,274   i never could stop my ,
http://redd.it/1cujzb,SmooochieWallace, when i started  i now weigh 324   i have been unable to ,
http://redd.it/1cujzb,SmooochieWallace, i worked out  i could give 110   but atm  i really can',
http://redd.it/1cuiop,wuteverdude,   i am 21 male  225 pounds  5'9" tall  i am ,
http://redd.it/1cuimu,3RuGuthu, at least   i weigh about 140 lbs and i'm about 6',
http://redd.it/1cueu1,BabyInMyBlender,so i started off at 315 last october  and weight in at ,
http://redd.it/1cueu1,BabyInMyBlender,248 the other day  i do a ,
http://redd.it/1cueu1,BabyInMyBlender, to me  i am the same 315 pounder i was a couple of ,
http://redd.it/1cueu1,BabyInMyBlender, so untill i'm at least 205  i powerlifted a lot in ,
http://redd.it/1cueu1,BabyInMyBlender,   imgur com gviqq9t 7mdmli6 g117 eip,
http://redd.it/1cuen9,xBUDDHAx,i am 5'7  190 lbs and i am a male ,
http://redd.it/1cud19,revolution_meow, 23 years old  5'7 and 148 pounds  i have always had some ,
http://redd.it/1cuclb,alsartist92, i started at 5' 7"  195 lbs  and have dropped down to ,
http://redd.it/1cuclb,alsartist92,179 lbs  i have been at this ,
http://redd.it/1cuclb,alsartist92, my total calorie consumption hovers around 1200 per day during the week ,
http://redd.it/1cuclb,alsartist92,and around 1450 on the weekends to sort ,
http://redd.it/1cu9lu,Snoorks,about a year ago i was 315lbs  today at 148 lbs i'm ,
http://redd.it/1cu96o,Tinyassfeet,'s 5' 11 and currently weighs 190  i've always had a ,
http://redd.it/1cu729,BackInOmNomNam, last week  i am 17  185 lbs  5' 9''  using myfitnesspal ,
http://redd.it/1cu729,BackInOmNomNam, my goal is around 1200  the past two days  i ,
http://redd.it/1cu729,BackInOmNomNam,have found myself only eating about 700 calories  is this healthy  i am ,
http://redd.it/1cu729,BackInOmNomNam, spinach salad which totaled to about 200 calories     my other question ,
http://redd.it/1cu729,BackInOmNomNam, heart rate and i was around 200 bpm  it felt just fine for ,
http://redd.it/1cu729,BackInOmNomNam, to have my heart rate above 200  especially if i feel fine ,
http://redd.it/1cu729,BackInOmNomNam, it okay to only eat like 700 calories a day  is it bad ,
http://redd.it/1cu729,BackInOmNomNam,to have my heart rate over 200 quick questions for you loseit concerning ,
http://redd.it/1cu6j6,SWAGLO,http   gymflow100 com kelly-osbourne-rocks-a-bikini-,
http://redd.it/1cu64a,lizalou,   in about october of this 2012 i hit my breaking point ,
http://redd.it/1cu64a,lizalou, and am sure to stay below 1200 kcal day  i try to ,
http://redd.it/1cu64a,lizalou,'3 with a starting weight of 210  give or take  and am ,
http://redd.it/1cu64a,lizalou,currently at 167  my goal is to get ,
http://redd.it/1cu64a,lizalou,down around 140  so i'm a little ,
http://redd.it/1cu4zr,courter1234, guys  i'm a 5'2 183 lb female my goal is 135 ,
http://redd.it/1cu3lr,Mishhh_el, to lose weight  i'm about 170 now and i have a hard ,
http://redd.it/1cu1xc,ihateureddit, this morning i weighed in at 149 5 with a bmi of 25 ,
http://redd.it/1cu1xc,ihateureddit, my goal is within reach  130 lbs    i also had a ,
http://redd.it/1cu1xc,ihateureddit, the limited  woo  sv  back under 150 lbs  and in healthy bmi range ,
http://redd.it/1cu1sc,lawlitsmanda,220lb calories burned doing the 30 minute ,
http://redd.it/1ctxbq,fitnesshelp2, 15 years old  5'10"  175lb  ,
http://redd.it/1ctxbq,fitnesshelp2, i ate about an average of 1500 calories a day for the ,
http://redd.it/1ctxbq,fitnesshelp2, am now 16  5'10"  155lb  fluctuates between 155-160lb weekly ,
http://redd.it/1ctxbq,fitnesshelp2, lost 19 lb  5'10" 175lb to 155lb   comparison pictures  http ,
http://redd.it/1ctxbq,fitnesshelp2, in 11 months due to a 1500 cal day diet  which was a ,
http://redd.it/1ctxbq,fitnesshelp2, growth  amp  health by keeping a 1500 cal day diet as a teenager ,
http://redd.it/1ctvgb,travelingsparrow, short girl and i've packed 270 pounds on to this short frame ,
http://redd.it/1ctvgb,travelingsparrow, my goal weight is 150  and i know that i ,
http://redd.it/1ctuoo,Punkydoodles, lose weight  thanks again    187 lbs - 137 lbsi am a ,
http://redd.it/1ct83h,kittymccatpants, the heaviest i ever was was 170  after he died  i got ,
http://redd.it/1ct83h,kittymccatpants,up to 215  i didn't start taking ,
http://redd.it/1ct83h,kittymccatpants,pictures until 200  so i don't really ,
http://redd.it/1ct83h,kittymccatpants, old  this took place from september 2011-february 2012    enter a ,
http://redd.it/1ct83h,kittymccatpants, i am now back up to 193 and having trouble finding my groove ,
http://redd.it/1ct6ej,pollpegj, was time to change  started at 235 in mid january and am at ,
http://redd.it/1ct6ej,pollpegj,193 as of yesterday  i decided to ,
http://redd.it/1ct6ej,pollpegj, my diet and started staying below 1700 calories a day  riding my ,
http://redd.it/1cth8a,R-Anne-h, i've lost 10 lbs  183-173    been working on it ,
http://redd.it/1cth8a,R-Anne-h, calories and try to burn around 500 calories with gym time and ballet ,
http://redd.it/1ctqju,shaw2885, drop losing about 15lbs going from 250 to 235 from jan 2012 to ,
http://redd.it/1ctqju,shaw2885,jan 2013 i'm hovering about 220 now   i started playing again ,
http://redd.it/1ctldy,ShadowHopp3r, foot 10 11 and weigh around 193 pounds  im already going to the ,
http://redd.it/1ctldy,ShadowHopp3r, lose weight  my main goal is 154 pounds and im wondering if you ,
http://redd.it/1cthpl,Luluchaos, according to most calculators is about 2100 so most of the meals ,
http://redd.it/1cthpl,Luluchaos, nutritious meals that are in the 700-800 calorie region buy still just ,
http://redd.it/1cthpl,Luluchaos, too calorific to have on my 1000-1100 calorie diet    if ,
http://redd.it/1cthpl,Luluchaos,i had 350 for breakfast  450 for lunch  800 for dinner and ,
http://redd.it/1cthpl,Luluchaos,400-500 calories for snacks    it just ,
http://redd.it/1cth2i,Stumble1, am 16  5ft 11 and around 210 lbs  i have wanted to lose ,
http://redd.it/1ctg3z,Darkpheonix, baby a year ago and am 155-ish pounds  i don't have ,
http://redd.it/1ctd90,lowfoam, the doc's office  i was 220 when i started about 6 months ,
http://redd.it/1ctd90,lowfoam, the doctor told me i was 197  alright  sweet  that was probably ,
http://redd.it/1ctd90,lowfoam, scale says i'm down to 176 178  i was like  "no ,
http://redd.it/1ctcs5,curiouspeach, free to add me   eating 1200 calories a day and no ,
http://redd.it/1ctcs5,curiouspeach, r progresspics  27f 5'10" 196lb - 154lb since jan,
http://redd.it/1ctcr5,willberforce48,im 16 and i weigh 230 pounds and i really want to ,
http://redd.it/1ctc71,xknightfallx, 2 1 2 cups frozen veggies 100 cals  1 turkey burger patty 200 ,
http://redd.it/1ctc71,xknightfallx, greek yogurt with 1 tbsp honey 200 cals  oatmeal 210 cals   1 ,
http://redd.it/1ctc71,xknightfallx, joe 10 cals  looking at about 720 cals all together  im trying to ,
http://redd.it/1ctc71,xknightfallx,eat about 2000 altogether throughout the day but ,
http://redd.it/1ct8yz,thecraziestgirl,"eat back"  my goal is 1200 calories a day  i'm ,
http://redd.it/1ct8yz,thecraziestgirl,22 f  4'11  146 lbs goal of 110   i often ,
http://redd.it/1ct8yz,thecraziestgirl, on the arc trainer  burning about 350 calories    should i be eating ,
http://redd.it/1ct8yz,thecraziestgirl,1200 calories a day regardless of ,
http://redd.it/1ct8yz,thecraziestgirl, should i be eating closer to 1500 calories on days i exercise ,
http://redd.it/1ct8yz,thecraziestgirl, i understand the concept of 3500 calorie deficit to lose a ,
http://redd.it/1ct7lo,Epidendrosaurus, weight for a while now  currently 155-160 lbs and 5'5"  ,
http://redd.it/1ct5ro,TheOnlyAshta,'m 5'2"  female  and 155 lbs  but that's mostly irrelevant ,
http://redd.it/1ct5ro,TheOnlyAshta, says that my body naturally burns 1700 calories a day  it says ,
http://redd.it/1ct5ro,TheOnlyAshta,that if i eat 1200 per day  i will be ,
http://redd.it/1ct5ro,TheOnlyAshta, however  if i eat less than 1200 calories per day  myfitnesspal freaks ,
http://redd.it/1ct5ro,TheOnlyAshta, it increases your caloric goal to 1200  calories burned   so  if ,
http://redd.it/1ct5ro,TheOnlyAshta, don't eat a total of 1200 calories   calories burned  it ,
http://redd.it/1ct5ro,TheOnlyAshta, know i can eat less than 1200 calories  i just don't ,
http://redd.it/1ct57m,CurvedStraightLine, a fair bit of weight in 2012   she has a picture ,
http://redd.it/1ct3q0,kelleylkm, http   www fitbit com user 258r46let's be fitbit friends ,
http://redd.it/1ct3o2,Agriotherium,120-130 maybe     i eat pretty ,
http://redd.it/1ct2iv,silentwriter, guys do it  i'm currently 140 lbs and 5'2  i've been ,
http://redd.it/1ct2iv,silentwriter, calories and maintain a goal of 1500 calories per day thanks to ,
http://redd.it/1ct1h2,bremo93, bit to go  i was at 190  want to be at 160 ,
http://redd.it/1ct0sn,mustdropmore, she was fine with it  1200 daily calories  lots of protein and ,
http://redd.it/1ct0sn,mustdropmore, worried by my goal weight of 130 lbs  26yr 5'6 f   ,
http://redd.it/1ct0sn,mustdropmore, weight needs to be more like 145-140 lbs minimum  feels good to be ,
http://redd.it/1csxln,XCygon,i'm 29 and weigh about 230 lbs  goal is to lose at ,
http://redd.it/1csw96,healththrowawy, year old kid  5'9" or 175 cm  from europe that decided it ,
http://redd.it/1csw96,healththrowawy, is enough and cut down to 1200 calories  ate like 2200 - ,
http://redd.it/1csw96,healththrowawy, at this point i weighed 76kg 167 5lbs  body fat ,
http://redd.it/1csw96,healththrowawy, and i was at 73 6kg 162 2lbs and a bit less than ,
http://redd.it/1csujn,FetchingSparrow, i am f  25  5'7 195  my plan is to eat ,
http://redd.it/1csujn,FetchingSparrow,about 1200 calories a day  i have ,
http://redd.it/1csujn,FetchingSparrow, same weight and got down to 165 before i platued sp   and ,
http://redd.it/1csujn,FetchingSparrow, my goal is to get to 140-145  i am trying to make ,
http://redd.it/1cssdo,JohnLocke815, average day i had been eating 1200 calories plus burning about 500 ,
http://redd.it/1cssdo,JohnLocke815,calories exercising  netting me about 700 calories a day  i was losing ,
http://redd.it/1cssdo,JohnLocke815, i had planned  i averaged about 1400 calories a day and had ,
http://redd.it/1css5d,Cynepmah,i'm 6'4"  230 pounds   i've gotten so ,
http://redd.it/1css5d,Cynepmah, 2 years ago i was around 190 - 195   i don't ,
http://redd.it/1csqxg,MiraChi, ago  i have to lose over 100 pounds  around 150 i think  this ,
http://redd.it/1csqxg,MiraChi, a very low calorie diet  around 1000 is what i'm hoping ,
http://redd.it/1csqxg,MiraChi, comparison  i've probably eaten around 3000 a day before  i know ,
http://redd.it/1csqxg,MiraChi, to mfp i've eaten around 400-700 calories for the last few ,
http://redd.it/1csqxg,MiraChi, but i can't live on 500 calories for the rest of my ,
http://redd.it/1csqxg,MiraChi, myself going even close to my 1000 calorie limit    also  is ,
http://redd.it/1csqxg,MiraChi,eating 500-700 calories a day going to result ,
http://redd.it/1csqxg,MiraChi,'m 22f  5"5 and around 280 pounds started my diet  complete lack ,
http://redd.it/1csp24,glamorousglue, evar level  back in college  early 2000s  yes  i did still use ,
http://redd.it/1csoic,McNasti, my journey in early february at 326 lbs and am now at 304 ,
http://redd.it/1cslsx,iwannastudy, 16 year old and i weigh 165 pounds i want to lose weight ,
http://redd.it/1cslsx,iwannastudy, and reduce calorie intake everyday by 500 i read that doing exercise helps ,
http://redd.it/1cskln,apriloneil, decided to lose weight in december 2011  at 155cm  i was 82kg ,
http://redd.it/1cskln,apriloneil, coke    from january to august 2012  i saw a personal trainer ,
http://redd.it/1cskln,apriloneil,       early december  2011  about 82kg  http   i ,
http://redd.it/1csjux,fromfat2fit, a accountabilibuddy  am 5'6 f 165 pounds  gw  140  would like someone ,
http://redd.it/1csiu4,todayismyday2, diet that day  i weight from 130 lbs  60 kg  to 143 lbs ,
http://redd.it/1csgn6,Kimowich, my own food  m 22 95kg 203 lbs goal  85kg danish viking starting now ,
http://redd.it/1csgam,Monsoon77, i am 6ft 3" and over 300 lbs  i dont know my exact ,
http://redd.it/1csgam,Monsoon77, my house doesn't go over 300 lbs but i'm guessing it',
http://redd.it/1csgam,Monsoon77,s around 325 lbs  i will be buying a ,
http://redd.it/1csgam,Monsoon77,   my plans are to drop 100 lbs and see where i can continue ,
http://redd.it/1csfy9,DemoFly,m 22 6'2" 298lbs to 198 lbs  50lbs of that was in ,
http://redd.it/1csclv,missionsminded07,   my weight currently fluctuates between 300-293  it really depends on the ,
http://redd.it/1csclv,missionsminded07, goal is to cut down to 220  i'm a pretty big ,
http://redd.it/1csclv,missionsminded07,guy so 220 will suit me  but more importantly ,
http://redd.it/1cs9u0,confused123456, on junk the entire day- easy 700 calories in snacks alone  my main ,
http://redd.it/1cs9qh,Emberra,i'm 22  f and 207 5lbs  so i've been calorie ,
http://redd.it/1cs99x,ineed2loseitALL, greatly appreciated  also i weight approximately 180 lbs need to lose 50-60lbs  help ,
http://redd.it/1cs89t,theotherredmeat, cutting grains carbs massively  if not 100  damn close   paleo diet ,
http://redd.it/1cs89t,theotherredmeat, continue down until at an even 200 lbs and then reexamine my body fat ,
http://redd.it/1cs89t,theotherredmeat, info i have read online suggests 2400 calories per day for weight ,
http://redd.it/1cs5a1,Chaotix247,'m 5'11 and weigh at 208 lbs right now   back in ,
http://redd.it/1cs5a1,Chaotix247, in october i dropped down to 193 lbs but got pretty sick and ,
http://redd.it/1cs4ry,erikadyo,'m 5'6    160 lbs   gw of 140 which ,
http://redd.it/1cs4ry,erikadyo, before but i'm stuck at 160     any advice  24 year ,
http://redd.it/1cs4ry,erikadyo,old f 160 lbs gw 140,
